feature	importance_observed	importance_true
feat_5	10.62745	9.41753
feat_0	9.66616	8.44756
feat_6	9.46570	8.60624
feat_3	9.11706	8.29999
feat_4	9.04881	7.96186
feat_1	8.92583	7.89381
feat_2	8.89971	7.83474
feat_7	8.60910	7.77813
